John Roberts, 19/08/2009, 108,
Matt Goldsmith, 15/02/2010, 15,
Emma Goldsmith, 03/02/2012, 123,
Andy Ward, 25/06/2009, 33,
Emma Roberts, 12/08/2008, 132,
Olly Jones, 10/03/2008, 49,
Andy Cook, 13/12/2010, 28,
Olly West, 26/12/2008, 59,
Roger Jones, 29/07/2008, 73,
Matt Jones, 09/11/2008, 13,
Matt Cook, 29/09/2009, 16,
Emma Brown, 17/10/2011, 130,
Andy Thomas, 07/03/2009, 31,
Jess Smith, 23/01/2011, 38,
Olly Evans, 07/01/2011, 56,
David Roberts, 18/05/2011, 12,
Roger West, 25/04/2009, 83,
Robert Evans, 04/02/2011, 68,
Matt West, 29/01/2009, 23,
Sarah Evans, 27/06/2011, 140,
Andy West, 16/05/2010, 35,
Olly Thomas, 13/12/2011, 55,
Matt Evans, 11/04/2008, 20,
Steve Smith, 01/12/2010, 86,
Steve Murphy, 11/11/2010, 90,
David Cook, 15/04/2008, 4,
Claire West, 15/12/2009, 119,
Sarah Brown, 03/01/2012, 142,
David Goldsmith, 15/08/2010, 3,
Sarah Jones, 09/01/2008, 133,
Andy Clayton, 09/02/2009, 29,
Claire Murphy, 29/12/2010, 114,
Roger Murphy, 03/12/2008, 78,
Olly Smith, 01/07/2011, 50,
Claire Thomas, 04/02/2010, 115,
Emma Clayton, 18/03/2011, 125,
John Cook, 26/08/2009, 100,
Sarah Clayton, 08/02/2011, 137,
Claire Clayton, 18/04/2011, 113,
Andy Murphy, 06/02/2008, 30,
David Murphy, 04/07/2009, 6,
Matt Thomas, 07/02/2008, 19,
Robert Goldsmith, 13/01/2008, 63,
Sarah Thomas, 01/09/2010, 139,
Jess Thomas, 24/06/2008, 43,
Jess Brown, 10/07/2009, 46,
John Thomas, 05/01/2012, 103,
John Smith, 03/09/2009, 98,
Jess Jones, 13/03/2011, 37,
Andy Evans, 25/03/2010, 32,
Roger Roberts, 17/02/2010, 84,
Claire Goldsmith, 15/02/2009, 111,
John Goldsmith, 06/04/2008, 99,
Andy Brown, 16/11/2010, 34,
Jess Ward, 31/12/2010, 45,
Emma Thomas, 08/03/2008, 127,
Andy Roberts, 21/09/2009, 36,
Matt Brown, 11/01/2010, 22,
Andy Smith, 24/11/2009, 26,
Olly Brown, 12/09/2010, 58,
Sarah Murphy, 17/06/2011, 138,
Olly Goldsmith, 09/12/2008, 51,
Andy Jones, 03/09/2010, 25,
Roger Goldsmith, 19/02/2008, 75,
Matt Roberts, 11/11/2009, 24,
Claire Brown, 24/02/2009, 118,
Claire Cook, 04/10/2008, 112,
Andy Goldsmith, 12/08/2011, 27,
Claire Evans, 09/04/2010, 116,
Steve Goldsmith, 13/12/2010, 87,
Robert Roberts, 09/07/2010, 72,
Emma Murphy, 31/01/2008, 126,
Olly Clayton, 26/05/2011, 53,
John Brown, 29/05/2009, 106,
Sarah Ward, 01/04/2010, 141,
John Evans, 26/08/2008, 104,
Steve Evans, 03/01/2010, 92,
Robert Ward, 06/06/2009, 69,
Sarah Roberts, 03/02/2012, 144,
Olly Cook, 08/07/2010, 52,
Robert Thomas, 26/04/2010, 67,
Roger Evans, 13/09/2008, 80,
John Clayton, 04/05/2008, 101,
Jess Clayton, 07/12/2010, 41,
Roger Brown, 24/11/2008, 82,
Steve Roberts, 13/10/2010, 96,
John Ward, 06/11/2008, 105,
Sarah West, 26/06/2010, 143,
Roger Smith, 06/04/2008, 74,
Robert West, 12/03/2008, 71,
Jess Murphy, 30/12/2010, 42,
David Jones, 27/10/2011, 1,
David Evans, 04/05/2008, 8,
Steve West, 03/08/2008, 95,
David West, 20/07/2010, 11,
Steve Clayton, 16/05/2011, 89,
Steve Thomas, 25/12/2009, 91,
Emma Evans, 26/04/2009, 128,
David Smith, 29/03/2010, 2,
Olly Ward, 16/02/2008, 57,
Matt Murphy, 04/04/2010, 18,
Claire Smith, 30/06/2008, 110,
Jess Roberts, 16/04/2009, 48,
Steve Ward, 24/11/2008, 93,
David Clayton, 31/08/2008, 5,
Emma Jones, 26/07/2008, 121,
Claire Ward, 16/04/2011, 117,
Jess West, 15/02/2009, 47,
Olly Murphy, 05/06/2009, 54,
Roger Cook, 25/05/2010, 76,
Matt Smith, 08/12/2009, 14,
Robert Brown, 01/07/2011, 70,
Matt Ward, 07/06/2010, 21,
Jess Evans, 09/01/2012, 44,
Emma Cook, 14/01/2012, 124,
Claire Roberts, 03/12/2008, 120,
Robert Clayton, 30/10/2011, 65,
Jess Goldsmith, 14/10/2008, 39,
Sarah Cook, 21/08/2011, 136,
Steve Cook, 06/03/2011, 88,
David Brown, 25/11/2009, 10,
John Murphy, 17/11/2008, 102,
Olly Roberts, 14/03/2009, 60,
Robert Smith, 13/02/2010, 62,
Sarah Goldsmith, 10/06/2010, 135,
David Thomas, 29/10/2008, 7,
David Ward, 28/06/2010, 9,
Steve Brown, 21/12/2009, 94,
Robert Cook, 13/10/2008, 64,
Emma Smith, 05/02/2010, 122,
Jess Cook, 14/11/2009, 40,
Robert Jones, 15/08/2011, 61,
Robert Murphy, 14/09/2008, 66,
Emma Ward, 07/03/2008, 129,
Matt Clayton, 06/10/2011, 17,
John Jones, 14/08/2011, 97,
Roger Clayton, 14/05/2009, 77,
Sarah Smith, 25/06/2011, 134,
Roger Ward, 09/02/2012, 81,
Emma West, 19/08/2010, 131,
John West, 06/11/2010, 107,
Roger Thomas, 30/05/2011, 79,
Claire Jones, 26/12/2010, 109,
Steve Jones, 12/05/2011, 85,
